Metric,Mean
NDVI,0.12587694572805733
LST,17.43208155471038
